<?xml version="1.0" encoding="UTF-8"?>
<!DOCTYPE mapper PUBLIC "-//mybatis.org//DTD Mapper 3.0//EN"
  "http://mybatis.org/dtd/mybatis-3-mapper.dtd">
<mapper namespace="com.imooc.mall.model.dao.OrderMapper">
  <resultMap id="BaseResultMap" type="com.imooc.mall.model.pojo.Order">
    <id column="id" jdbcType="INTEGER" property="id"/>
    <result column="order_no" jdbcType="VARCHAR" property="orderNo"/>
    <result column="user_id" jdbcType="INTEGER" property="userId"/>
    <result column="total_price" jdbcType="INTEGER" property="totalPrice"/>
    <result column="receiver_name" jdbcType="VARCHAR" property="receiverName"/>
    <result column="receiver_mobile" jdbcType="VARCHAR" property="receiverMobile"/>
    <result column="receiver_address" jdbcType="VARCHAR" property="receiverAddress"/>
    <result column="order_status" jdbcType="INTEGER" property="orderStatus"/>
    <result column="postage" jdbcType="INTEGER" property="postage"/>
    <result column="payment_type" jdbcType="INTEGER" property="paymentType"/>
    <result column="delivery_time" jdbcType="TIMESTAMP" property="deliveryTime"/>
    <result column="pay_time" jdbcType="TIMESTAMP" property="payTime"/>
    <result column="end_time" jdbcType="TIMESTAMP" property="endTime"/>
    <result column="create_time" jdbcType="TIMESTAMP" property="createTime"/>
    <result column="update_time" jdbcType="TIMESTAMP" property="updateTime"/>
  </resultMap>
  <sql id="Base_Column_List">
    id, order_no, user_id, total_price, receiver_name, receiver_mobile, receiver_address,
    order_status, postage, payment_type, delivery_time, pay_time, end_time, create_time,
    update_time
  </sql>
  <select id="selectByPrimaryKey" parameterType="java.lang.Integer" resultMap="BaseResultMap">
    select
    <include refid="Base_Column_List"/>
    from imooc_mall_order
    where id = #{id,jdbcType=INTEGER}
  </select>
  <delete id="deleteByPrimaryKey" parameterType="java.lang.Integer">
    delete from imooc_mall_order
    where id = #{id,jdbcType=INTEGER}
  </delete>
  <insert id="insert" parameterType="com.imooc.mall.model.pojo.Order">
    insert into imooc_mall_order (id, order_no, user_id,
    total_price, receiver_name, receiver_mobile,
    receiver_address, order_status, postage,
    payment_type, delivery_time, pay_time,
    end_time, create_time, update_time
    )
    values (#{id,jdbcType=INTEGER}, #{orderNo,jdbcType=VARCHAR}, #{userId,jdbcType=INTEGER},
    #{totalPrice,jdbcType=INTEGER}, #{receiverName,jdbcType=VARCHAR},
    #{receiverMobile,jdbcType=VARCHAR},
    #{receiverAddress,jdbcType=VARCHAR}, #{orderStatus,jdbcType=INTEGER},
    #{postage,jdbcType=INTEGER},
    #{paymentType,jdbcType=INTEGER}, #{deliveryTime,jdbcType=TIMESTAMP},
    #{payTime,jdbcType=TIMESTAMP},
    #{endTime,jdbcType=TIMESTAMP}, #{createTime,jdbcType=TIMESTAMP},
    #{updateTime,jdbcType=TIMESTAMP}
    )
  </insert>
  <insert id="insertSelective" parameterType="com.imooc.mall.model.pojo.Order">
    insert into imooc_mall_order
    <trim prefix="(" suffix=")" suffixOverrides=",">
      <if test="id != null">
        id,
      </if>
      <if test="orderNo != null">
        order_no,
      </if>
      <if test="userId != null">
        user_id,
      </if>
      <if test="totalPrice != null">
        total_price,
      </if>
      <if test="receiverName != null">
        receiver_name,
      </if>
      <if test="receiverMobile != null">
        receiver_mobile,
      </if>
      <if test="receiverAddress != null">
        receiver_address,
      </if>
      <if test="orderStatus != null">
        order_status,
      </if>
      <if test="postage != null">
        postage,
      </if>
      <if test="paymentType != null">
        payment_type,
      </if>
      <if test="deliveryTime != null">
        delivery_time,
      </if>
      <if test="payTime != null">
        pay_time,
      </if>
      <if test="endTime != null">
        end_time,
      </if>
      <if test="createTime != null">
        create_time,
      </if>
      <if test="updateTime != null">
        update_time,
      </if>
    </trim>
    <trim prefix="values (" suffix=")" suffixOverrides=",">
      <if test="id != null">
        #{id,jdbcType=INTEGER},
      </if>
      <if test="orderNo != null">
        #{orderNo,jdbcType=VARCHAR},
      </if>
      <if test="userId != null">
        #{userId,jdbcType=INTEGER},
      </if>
      <if test="totalPrice != null">
        #{totalPrice,jdbcType=INTEGER},
      </if>
      <if test="receiverName != null">
        #{receiverName,jdbcType=VARCHAR},
      </if>
      <if test="receiverMobile != null">
        #{receiverMobile,jdbcType=VARCHAR},
      </if>
      <if test="receiverAddress != null">
        #{receiverAddress,jdbcType=VARCHAR},
      </if>
      <if test="orderStatus != null">
        #{orderStatus,jdbcType=INTEGER},
      </if>
      <if test="postage != null">
        #{postage,jdbcType=INTEGER},
      </if>
      <if test="paymentType != null">
        #{paymentType,jdbcType=INTEGER},
      </if>
      <if test="deliveryTime != null">
        #{deliveryTime,jdbcType=TIMESTAMP},
      </if>
      <if test="payTime != null">
        #{payTime,jdbcType=TIMESTAMP},
      </if>
      <if test="endTime != null">
        #{endTime,jdbcType=TIMESTAMP},
      </if>
      <if test="createTime != null">
        #{createTime,jdbcType=TIMESTAMP},
      </if>
      <if test="updateTime != null">
        #{updateTime,jdbcType=TIMESTAMP},
      </if>
    </trim>
  </insert>
  <update id="updateByPrimaryKeySelective" parameterType="com.imooc.mall.model.pojo.Order">
    update imooc_mall_order
    <set>
      <if test="orderNo != null">
        order_no = #{orderNo,jdbcType=VARCHAR},
      </if>
      <if test="userId != null">
        user_id = #{userId,jdbcType=INTEGER},
      </if>
      <if test="totalPrice != null">
        total_price = #{totalPrice,jdbcType=INTEGER},
      </if>
      <if test="receiverName != null">
        receiver_name = #{receiverName,jdbcType=VARCHAR},
      </if>
      <if test="receiverMobile != null">
        receiver_mobile = #{receiverMobile,jdbcType=VARCHAR},
      </if>
      <if test="receiverAddress != null">
        receiver_address = #{receiverAddress,jdbcType=VARCHAR},
      </if>
      <if test="orderStatus != null">
        order_status = #{orderStatus,jdbcType=INTEGER},
      </if>
      <if test="postage != null">
        postage = #{postage,jdbcType=INTEGER},
      </if>
      <if test="paymentType != null">
        payment_type = #{paymentType,jdbcType=INTEGER},
      </if>
      <if test="deliveryTime != null">
        delivery_time = #{deliveryTime,jdbcType=TIMESTAMP},
      </if>
      <if test="payTime != null">
        pay_time = #{payTime,jdbcType=TIMESTAMP},
      </if>
      <if test="endTime != null">
        end_time = #{endTime,jdbcType=TIMESTAMP},
      </if>
      <if test="createTime != null">
        create_time = #{createTime,jdbcType=TIMESTAMP},
      </if>
      <if test="updateTime != null">
        update_time = #{updateTime,jdbcType=TIMESTAMP},
      </if>
    </set>
    where id = #{id,jdbcType=INTEGER}
  </update>
  <update id="updateByPrimaryKey" parameterType="com.imooc.mall.model.pojo.Order">
    update imooc_mall_order
    set order_no = #{orderNo,jdbcType=VARCHAR},
    user_id = #{userId,jdbcType=INTEGER},
    total_price = #{totalPrice,jdbcType=INTEGER},
    receiver_name = #{receiverName,jdbcType=VARCHAR},
    receiver_mobile = #{receiverMobile,jdbcType=VARCHAR},
    receiver_address = #{receiverAddress,jdbcType=VARCHAR},
    order_status = #{orderStatus,jdbcType=INTEGER},
    postage = #{postage,jdbcType=INTEGER},
    payment_type = #{paymentType,jdbcType=INTEGER},
    delivery_time = #{deliveryTime,jdbcType=TIMESTAMP},
    pay_time = #{payTime,jdbcType=TIMESTAMP},
    end_time = #{endTime,jdbcType=TIMESTAMP},
    create_time = #{createTime,jdbcType=TIMESTAMP},
    update_time = #{updateTime,jdbcType=TIMESTAMP}
    where id = #{id,jdbcType=INTEGER}
  </update>
  <select id="selectByOrderNo" resultMap="BaseResultMap" parameterType="java.lang.String">
    select
    <include refid="Base_Column_List"/>
    from imooc_mall_order
    where order_no = #{orderNo}
  </select>
  <select id="selectForCustomer" resultMap="BaseResultMap" parameterType="integer">
    select
    <include refid="Base_Column_List"/>
    from imooc_mall_order
    where user_id = #{userId}
    order by create_time desc
  </select>
  <select id="selectAllForAdmin" resultMap="BaseResultMap">
    select
    <include refid="Base_Column_List"/>
    from imooc_mall_order
    order by create_time desc
  </select>
</mapper>